Subgroup,N,Accuracy,Precision,Recall,F1,Prevalence,AUC,Brier,Model,Dataset,Demographic_Parity_Diff,Equalized_Odds_Diff
PIMA_Overall,154,0.6948051948051948,0.5573770491803278,0.6296296296296297,0.591304347826087,0.35064935064935066,0.7868518518518518,0.1923272668378863,LogReg,PIMA_Test,,
PIMA_Overall,154,0.7532467532467533,0.625,0.7407407407407407,0.6779661016949152,0.35064935064935066,0.8216666666666668,0.16917782941525508,RandomForest,PIMA_Test,,
PIMA_Overall,154,0.7467532467532467,0.6595744680851063,0.5740740740740741,0.6138613861386139,0.35064935064935066,0.8066666666666666,0.1697623262127049,NeuralNet,PIMA_Test,,
Mexican American | 18-39 | Female,209,0.8851674641148325,0.4,0.6666666666666666,0.5,0.0861244019138756,0.8999418266433973,0.10273949402078318,LogReg,NHANES,0.2561925314694522,0.3317045723762142
Mexican American | 18-39 | Male,226,0.9203539823008849,0.25,0.625,0.35714285714285715,0.035398230088495575,0.8973623853211009,0.08648657646625255,LogReg,NHANES,0.2561925314694522,0.3317045723762142
Mexican American | 40-59 | Female,195,0.7230769230769231,0.40789473684210525,0.775,0.5344827586206896,0.20512820512820512,0.8159677419354839,0.19183161260907275,LogReg,NHANES,0.2561925314694522,0.3317045723762142
Mexican American | 40-59 | Male,155,0.7483870967741936,0.5084745762711864,0.75,0.6060606060606061,0.25806451612903225,0.8339130434782608,0.18988909478163363,LogReg,NHANES,0.2561925314694522,0.3317045723762142
Mexican American | 60+ | Female,116,0.6120689655172413,0.5301204819277109,0.88,0.6616541353383458,0.43103448275862066,0.7836363636363637,0.22268236591458596,LogReg,NHANES,0.2561925314694522,0.3317045723762142
Mexican American | 60+ | Male,135,0.6370370370370371,0.5913978494623656,0.8333333333333334,0.6918238993710691,0.4888888888888889,0.8112648221343873,0.1931237387658181,LogReg,NHANES,0.2561925314694522,0.3317045723762142
Non-Hispanic Asian | 18-39 | Female,205,0.975609756097561,0.0,0.0,0.0,0.01951219512195122,0.6791044776119404,0.05368255760407012,LogReg,NHANES,0.2561925314694522,0.3317045723762142
Non-Hispanic Asian | 18-39 | Male,176,0.9488636363636364,0.3333333333333333,0.2857142857142857,0.3076923076923077,0.03977272727272727,0.8647506339814032,0.07045856360173147,LogReg,NHANES,0.2561925314694522,0.3317045723762142
Non-Hispanic Asian | 40-59 | Female,226,0.8628318584070797,0.6206896551724138,0.47368421052631576,0.5373134328358209,0.168141592920354,0.8352463605823068,0.12649428348779926,LogReg,NHANES,0.2561925314694522,0.3317045723762142
Non-Hispanic Asian | 40-59 | Male,197,0.8426395939086294,0.696969696969697,0.5227272727272727,0.5974025974025974,0.2233502538071066,0.8398692810457518,0.1397863172572822,LogReg,NHANES,0.2561925314694522,0.3317045723762142
Non-Hispanic Asian | 60+ | Female,144,0.6944444444444444,0.5614035087719298,0.6274509803921569,0.5925925925925926,0.3541666666666667,0.7946447396162766,0.18882268845829098,LogReg,NHANES,0.2561925314694522,0.3317045723762142
Non-Hispanic Asian | 60+ | Male,123,0.6585365853658537,0.6363636363636364,0.6140350877192983,0.625,0.4634146341463415,0.7573099415204678,0.19999797885204015,LogReg,NHANES,0.2561925314694522,0.3317045723762142
Non-Hispanic Black | 18-39 | Female,429,0.8368298368298368,0.17105263157894737,0.65,0.2708333333333333,0.046620046620046623,0.8295843520782396,0.13252627261516384,LogReg,NHANES,0.2561925314694522,0.3317045723762142
Non-Hispanic Black | 18-39 | Male,328,0.9024390243902439,0.14285714285714285,0.7142857142857143,0.23809523809523808,0.021341463414634148,0.9376947040498442,0.0852612773330768,LogReg,NHANES,0.2561925314694522,0.3317045723762142
Non-Hispanic Black | 40-59 | Female,399,0.5914786967418546,0.3394495412844037,0.7956989247311828,0.4758842443729904,0.23308270676691728,0.7557453088762387,0.2548875562854315,LogReg,NHANES,0.2561925314694522,0.3317045723762142
Non-Hispanic Black | 40-59 | Male,349,0.7392550143266475,0.43703703703703706,0.7972972972972973,0.5645933014354066,0.21203438395415472,0.8251351351351351,0.18927951840051366,LogReg,NHANES,0.2561925314694522,0.3317045723762142
Non-Hispanic Black | 60+ | Female,398,0.550251256281407,0.4295774647887324,0.8776978417266187,0.5768321513002365,0.3492462311557789,0.7337712841309962,0.2630008569093948,LogReg,NHANES,0.2561925314694522,0.3317045723762142
Non-Hispanic Black | 60+ | Male,423,0.6453900709219859,0.5103734439834025,0.7935483870967742,0.6212121212121212,0.3664302600472813,0.7537674530572942,0.2198172429948928,LogReg,NHANES,0.2561925314694522,0.3317045723762142
Non-Hispanic White | 18-39 | Female,475,0.8736842105263158,0.18181818181818182,0.6666666666666666,0.2857142857142857,0.037894736842105266,0.8531485533673717,0.10862624541321539,LogReg,NHANES,0.2561925314694522,0.3317045723762142
Non-Hispanic White | 18-39 | Male,425,0.8847058823529412,0.1346153846153846,0.6363636363636364,0.2222222222222222,0.02588235294117647,0.7997364953886693,0.09977748165802405,LogReg,NHANES,0.2561925314694522,0.3317045723762142
Non-Hispanic White | 40-59 | Female,420,0.7452380952380953,0.31690140845070425,0.8181818181818182,0.45685279187817257,0.13095238095238096,0.8586799501867994,0.19409824906078227,LogReg,NHANES,0.2561925314694522,0.3317045723762142
Non-Hispanic White | 40-59 | Male,412,0.75,0.36363636363636365,0.7164179104477612,0.4824120603015075,0.16262135922330098,0.7978801643954142,0.185265289280454,LogReg,NHANES,0.2561925314694522,0.3317045723762142
Non-Hispanic White | 60+ | Female,627,0.5614035087719298,0.3431372549019608,0.9523809523809523,0.5045045045045045,0.23444976076555024,0.8391510770975057,0.25839990792813367,LogReg,NHANES,0.2561925314694522,0.3317045723762142
Non-Hispanic White | 60+ | Male,667,0.5547226386806596,0.40380549682875266,0.9271844660194175,0.5625920471281296,0.30884557721139433,0.82448455236611,0.2411941170972975,LogReg,NHANES,0.2561925314694522,0.3317045723762142
Other Hispanic | 18-39 | Female,174,0.8793103448275862,0.0,0.0,0.0,0.022988505747126436,0.6323529411764706,0.09338874724675128,LogReg,NHANES,0.2561925314694522,0.3317045723762142
Other Hispanic | 18-39 | Male,150,0.9333333333333333,0.3076923076923077,0.8,0.4444444444444444,0.03333333333333333,0.9586206896551724,0.08363053287354343,LogReg,NHANES,0.2561925314694522,0.3317045723762142
Other Hispanic | 40-59 | Female,149,0.7718120805369127,0.5087719298245614,0.8285714285714286,0.6304347826086957,0.2348993288590604,0.8511278195488723,0.1750664603698447,LogReg,NHANES,0.2561925314694522,0.3317045723762142
Other Hispanic | 40-59 | Male,130,0.7384615384615385,0.4375,0.75,0.5526315789473685,0.2153846153846154,0.8340336134453782,0.18708184835409347,LogReg,NHANES,0.2561925314694522,0.3317045723762142
Other Hispanic | 60+ | Female,155,0.5870967741935483,0.4329896907216495,0.8235294117647058,0.5675675675675675,0.32903225806451614,0.7132352941176471,0.2517652020078451,LogReg,NHANES,0.2561925314694522,0.3317045723762142
Other Hispanic | 60+ | Male,146,0.589041095890411,0.494949494949495,0.8305084745762712,0.620253164556962,0.4041095890410959,0.7110851353984025,0.2376848751420472,LogReg,NHANES,0.2561925314694522,0.3317045723762142
Other Race | 18-39 | Female,90,0.9111111111111111,0.36363636363636365,0.8,0.5,0.05555555555555555,0.9623529411764706,0.0961424905372463,LogReg,NHANES,0.2561925314694522,0.3317045723762142
Other Race | 18-39 | Male,92,0.9347826086956522,0.375,0.75,0.5,0.043478260869565216,0.8806818181818182,0.08467773189524284,LogReg,NHANES,0.2561925314694522,0.3317045723762142
Other Race | 40-59 | Female,61,0.7704918032786885,0.4090909090909091,0.9,0.5625,0.16393442622950818,0.884313725490196,0.16949683724196166,LogReg,NHANES,0.2561925314694522,0.3317045723762142
Other Race | 40-59 | Male,77,0.6493506493506493,0.41935483870967744,0.5909090909090909,0.49056603773584906,0.2857142857142857,0.7413223140495868,0.2015031090311991,LogReg,NHANES,0.2561925314694522,0.3317045723762142
Other Race | 60+ | Female,47,0.5957446808510638,0.4375,0.9333333333333333,0.5957446808510638,0.3191489361702128,0.6958333333333333,0.2630871938869622,LogReg,NHANES,0.2561925314694522,0.3317045723762142
Other Race | 60+ | Male,60,0.7333333333333333,0.6486486486486487,0.8888888888888888,0.75,0.45,0.8355780022446689,0.19591943404641904,LogReg,NHANES,0.2561925314694522,0.3317045723762142
Mexican American | 18-39 | Female,209,0.8181818181818182,0.3076923076923077,0.8888888888888888,0.45714285714285713,0.0861244019138756,0.8977603257707969,0.11546226818258684,RandomForest,NHANES,0.19351704645822296,0.2648245260185559
Mexican American | 18-39 | Male,226,0.7433628318584071,0.0967741935483871,0.75,0.17142857142857143,0.035398230088495575,0.7935779816513762,0.12672248182732399,RandomForest,NHANES,0.19351704645822296,0.2648245260185559
Mexican American | 40-59 | Female,195,0.49743589743589745,0.27692307692307694,0.9,0.4235294117647059,0.20512820512820512,0.7575806451612903,0.25505371665198495,RandomForest,NHANES,0.19351704645822296,0.2648245260185559
Mexican American | 40-59 | Male,155,0.4645161290322581,0.30973451327433627,0.875,0.45751633986928103,0.25806451612903225,0.7082608695652174,0.28445384422980735,RandomForest,NHANES,0.19351704645822296,0.2648245260185559
Mexican American | 60+ | Female,116,0.646551724137931,0.6363636363636364,0.42,0.5060240963855421,0.43103448275862066,0.6746969696969698,0.22455917569525094,RandomForest,NHANES,0.19351704645822296,0.2648245260185559
Mexican American | 60+ | Male,135,0.5851851851851851,0.65625,0.3181818181818182,0.42857142857142855,0.4888888888888889,0.6325208607817304,0.24808083984465082,RandomForest,NHANES,0.19351704645822296,0.2648245260185559
Non-Hispanic Asian | 18-39 | Female,205,0.8780487804878049,0.0,0.0,0.0,0.01951219512195122,0.595771144278607,0.07413127201223908,RandomForest,NHANES,0.19351704645822296,0.2648245260185559
Non-Hispanic Asian | 18-39 | Male,176,0.8409090909090909,0.1111111111111111,0.42857142857142855,0.17647058823529413,0.03977272727272727,0.7455621301775148,0.09073880020167527,RandomForest,NHANES,0.19351704645822296,0.2648245260185559
Non-Hispanic Asian | 40-59 | Female,226,0.7035398230088495,0.30666666666666664,0.6052631578947368,0.40707964601769914,0.168141592920354,0.7746360582306832,0.16153768330106302,RandomForest,NHANES,0.19351704645822296,0.2648245260185559
Non-Hispanic Asian | 40-59 | Male,197,0.6345177664974619,0.32051282051282054,0.5681818181818182,0.4098360655737705,0.2233502538071066,0.6905080213903743,0.20552952420202883,RandomForest,NHANES,0.19351704645822296,0.2648245260185559
Non-Hispanic Asian | 60+ | Female,144,0.6527777777777778,0.5333333333333333,0.1568627450980392,0.24242424242424243,0.3541666666666667,0.6100569259962048,0.23783796292819367,RandomForest,NHANES,0.19351704645822296,0.2648245260185559
Non-Hispanic Asian | 60+ | Male,123,0.5934959349593496,0.7692307692307693,0.17543859649122806,0.2857142857142857,0.4634146341463415,0.5891812865497076,0.30602420534118757,RandomForest,NHANES,0.19351704645822296,0.2648245260185559
Non-Hispanic Black | 18-39 | Female,429,0.7319347319347319,0.10084033613445378,0.6,0.17266187050359713,0.046620046620046623,0.7778728606356968,0.1511534009935324,RandomForest,NHANES,0.19351704645822296,0.2648245260185559
Non-Hispanic Black | 18-39 | Male,328,0.8353658536585366,0.1016949152542373,0.8571428571428571,0.18181818181818182,0.021341463414634148,0.9368046283934135,0.08923282166214994,RandomForest,NHANES,0.19351704645822296,0.2648245260185559
Non-Hispanic Black | 40-59 | Female,399,0.49874686716791977,0.299625468164794,0.8602150537634409,0.4444444444444444,0.23308270676691728,0.7184798650643053,0.2677101987786751,RandomForest,NHANES,0.19351704645822296,0.2648245260185559
Non-Hispanic Black | 40-59 | Male,349,0.5530085959885387,0.30660377358490565,0.8783783783783784,0.45454545454545453,0.21203438395415472,0.7276658476658477,0.2481308036681104,RandomForest,NHANES,0.19351704645822296,0.2648245260185559
Non-Hispanic Black | 60+ | Female,398,0.6909547738693468,0.6052631578947368,0.33093525179856115,0.42790697674418604,0.3492462311557789,0.6693425182633816,0.20905922794768841,RandomForest,NHANES,0.19351704645822296,0.2648245260185559
Non-Hispanic Black | 60+ | Male,423,0.6879432624113475,0.7169811320754716,0.24516129032258063,0.36538461538461536,0.3664302600472813,0.6736759749638902,0.21780271334103107,RandomForest,NHANES,0.19351704645822296,0.2648245260185559
Non-Hispanic White | 18-39 | Female,475,0.7768421052631579,0.08490566037735849,0.5,0.14516129032258066,0.037894736842105266,0.7991125699003161,0.11885462935496563,RandomForest,NHANES,0.19351704645822296,0.2648245260185559
Non-Hispanic White | 18-39 | Male,425,0.7811764705882352,0.07291666666666667,0.6363636363636364,0.1308411214953271,0.02588235294117647,0.7310057092665788,0.1196391393156523,RandomForest,NHANES,0.19351704645822296,0.2648245260185559
Non-Hispanic White | 40-59 | Female,420,0.5833333333333334,0.23684210526315788,0.9818181818181818,0.38162544169611307,0.13095238095238096,0.8590286425902864,0.2179169898508213,RandomForest,NHANES,0.19351704645822296,0.2648245260185559
Non-Hispanic White | 40-59 | Male,412,0.5339805825242718,0.24066390041493776,0.8656716417910447,0.37662337662337664,0.16262135922330098,0.7366428725935539,0.2425838753681394,RandomForest,NHANES,0.19351704645822296,0.2648245260185559
Non-Hispanic White | 60+ | Female,627,0.7830940988835726,0.5964912280701754,0.23129251700680273,0.3333333333333333,0.23444976076555024,0.7343324829931972,0.15931872458026095,RandomForest,NHANES,0.19351704645822296,0.2648245260185559
Non-Hispanic White | 60+ | Male,667,0.7481259370314842,0.7435897435897436,0.2815533980582524,0.4084507042253521,0.30884557721139433,0.6851978602868395,0.1918169624555311,RandomForest,NHANES,0.19351704645822296,0.2648245260185559
Other Hispanic | 18-39 | Female,174,0.7873563218390804,0.05405405405405406,0.5,0.0975609756097561,0.022988505747126436,0.7676470588235295,0.10855758386136849,RandomForest,NHANES,0.19351704645822296,0.2648245260185559
Other Hispanic | 18-39 | Male,150,0.8066666666666666,0.1,0.6,0.17142857142857143,0.03333333333333333,0.7986206896551724,0.10954439935286077,RandomForest,NHANES,0.19351704645822296,0.2648245260185559
Other Hispanic | 40-59 | Female,149,0.5570469798657718,0.3258426966292135,0.8285714285714286,0.46774193548387094,0.2348993288590604,0.7270676691729323,0.23674332040546384,RandomForest,NHANES,0.19351704645822296,0.2648245260185559
Other Hispanic | 40-59 | Male,130,0.4307692307692308,0.24444444444444444,0.7857142857142857,0.3728813559322034,0.2153846153846154,0.704656862745098,0.2768365451010357,RandomForest,NHANES,0.19351704645822296,0.2648245260185559
Other Hispanic | 60+ | Female,155,0.7032258064516129,0.6086956521739131,0.27450980392156865,0.3783783783783784,0.32903225806451614,0.6455505279034691,0.20549850196045116,RandomForest,NHANES,0.19351704645822296,0.2648245260185559
Other Hispanic | 60+ | Male,146,0.6712328767123288,0.7037037037037037,0.3220338983050847,0.4418604651162791,0.4041095890410959,0.6173777518020651,0.2418114216930388,RandomForest,NHANES,0.19351704645822296,0.2648245260185559
Other Race | 18-39 | Female,90,0.8,0.21739130434782608,1.0,0.35714285714285715,0.05555555555555555,0.948235294117647,0.10849931780062455,RandomForest,NHANES,0.19351704645822296,0.2648245260185559
Other Race | 18-39 | Male,92,0.8043478260869565,0.1111111111111111,0.5,0.18181818181818182,0.043478260869565216,0.6818181818181819,0.12214872875241638,RandomForest,NHANES,0.19351704645822296,0.2648245260185559
Other Race | 40-59 | Female,61,0.5409836065573771,0.25,0.9,0.391304347826087,0.16393442622950818,0.8117647058823529,0.2361378614618743,RandomForest,NHANES,0.19351704645822296,0.2648245260185559
Other Race | 40-59 | Male,77,0.5584415584415584,0.3695652173913043,0.7727272727272727,0.5,0.2857142857142857,0.7115702479338843,0.23346873181363162,RandomForest,NHANES,0.19351704645822296,0.2648245260185559
Other Race | 60+ | Female,47,0.7659574468085106,0.75,0.4,0.5217391304347826,0.3191489361702128,0.73125,0.17544789982506948,RandomForest,NHANES,0.19351704645822296,0.2648245260185559
Other Race | 60+ | Male,60,0.5666666666666667,0.5384615384615384,0.25925925925925924,0.35,0.45,0.7171717171717171,0.22188361683542993,RandomForest,NHANES,0.19351704645822296,0.2648245260185559
Mexican American | 18-39 | Female,209,0.937799043062201,0.6470588235294118,0.6111111111111112,0.6285714285714286,0.0861244019138756,0.9028504944735312,0.07119114220527659,NeuralNet,NHANES,0.1710240989488372,0.30762852404643454
Mexican American | 18-39 | Male,226,0.9734513274336283,0.625,0.625,0.625,0.035398230088495575,0.8985091743119267,0.05479077469629102,NeuralNet,NHANES,0.1710240989488372,0.30762852404643454
Mexican American | 40-59 | Female,195,0.7743589743589744,0.46,0.575,0.5111111111111111,0.20512820512820512,0.8116129032258065,0.1586311001704019,NeuralNet,NHANES,0.1710240989488372,0.30762852404643454
Mexican American | 40-59 | Male,155,0.8129032258064516,0.6410256410256411,0.625,0.6329113924050633,0.25806451612903225,0.8171739130434783,0.1670220121583163,NeuralNet,NHANES,0.1710240989488372,0.30762852404643454
Mexican American | 60+ | Female,116,0.6982758620689655,0.6530612244897959,0.64,0.6464646464646465,0.43103448275862066,0.7781818181818182,0.19484591116161598,NeuralNet,NHANES,0.1710240989488372,0.30762852404643454
Mexican American | 60+ | Male,135,0.7407407407407407,0.8780487804878049,0.5454545454545454,0.6728971962616822,0.4888888888888889,0.801602986385595,0.1964756145802379,NeuralNet,NHANES,0.1710240989488372,0.30762852404643454
Non-Hispanic Asian | 18-39 | Female,205,0.9804878048780488,0.0,0.0,0.0,0.01951219512195122,0.6106965174129353,0.03767524705168399,NeuralNet,NHANES,0.1710240989488372,0.30762852404643454
Non-Hispanic Asian | 18-39 | Male,176,0.9602272727272727,0.5,0.2857142857142857,0.36363636363636365,0.03977272727272727,0.8537616229923922,0.049456386475251565,NeuralNet,NHANES,0.1710240989488372,0.30762852404643454
Non-Hispanic Asian | 40-59 | Female,226,0.8672566371681416,0.8333333333333334,0.2631578947368421,0.4,0.168141592920354,0.8218085106382979,0.11791880662639491,NeuralNet,NHANES,0.1710240989488372,0.30762852404643454
Non-Hispanic Asian | 40-59 | Male,197,0.8426395939086294,0.8823529411764706,0.3409090909090909,0.4918032786885246,0.2233502538071066,0.8296197266785501,0.13219133767750185,NeuralNet,NHANES,0.1710240989488372,0.30762852404643454
Non-Hispanic Asian | 60+ | Female,144,0.75,0.8260869565217391,0.37254901960784315,0.5135135135135135,0.3541666666666667,0.7727176892262282,0.18333432936216632,NeuralNet,NHANES,0.1710240989488372,0.30762852404643454
Non-Hispanic Asian | 60+ | Male,123,0.6585365853658537,1.0,0.2631578947368421,0.4166666666666667,0.4634146341463415,0.7434875066454013,0.22039307615296905,NeuralNet,NHANES,0.1710240989488372,0.30762852404643454
Non-Hispanic Black | 18-39 | Female,429,0.9114219114219114,0.2631578947368421,0.5,0.3448275862068966,0.046620046620046623,0.8140586797066015,0.08253553502449383,NeuralNet,NHANES,0.1710240989488372,0.30762852404643454
Non-Hispanic Black | 18-39 | Male,328,0.9573170731707317,0.26666666666666666,0.5714285714285714,0.36363636363636365,0.021341463414634148,0.919448153093013,0.050192259825025336,NeuralNet,NHANES,0.1710240989488372,0.30762852404643454
Non-Hispanic Black | 40-59 | Female,399,0.681704260651629,0.39375,0.6774193548387096,0.4980237154150198,0.23308270676691728,0.7500175697519151,0.19581778893823953,NeuralNet,NHANES,0.1710240989488372,0.30762852404643454
Non-Hispanic Black | 40-59 | Male,349,0.7822349570200573,0.4883720930232558,0.5675675675675675,0.525,0.21203438395415472,0.8162899262899264,0.15802900230023448,NeuralNet,NHANES,0.1710240989488372,0.30762852404643454
Non-Hispanic Black | 60+ | Female,398,0.6708542713567839,0.5273972602739726,0.5539568345323741,0.5403508771929825,0.3492462311557789,0.7231049137523958,0.2070451934851091,NeuralNet,NHANES,0.1710240989488372,0.30762852404643454
Non-Hispanic Black | 60+ | Male,423,0.7210401891252955,0.6728971962616822,0.4645161290322581,0.549618320610687,0.3664302600472813,0.7453177660086664,0.19605867774051466,NeuralNet,NHANES,0.1710240989488372,0.30762852404643454
Non-Hispanic White | 18-39 | Female,475,0.9284210526315789,0.25,0.4444444444444444,0.32,0.037894736842105266,0.8482859226841721,0.06631501291349651,NeuralNet,NHANES,0.1710240989488372,0.30762852404643454
Non-Hispanic White | 18-39 | Male,425,0.9482352941176471,0.28,0.6363636363636364,0.3888888888888889,0.02588235294117647,0.7905138339920947,0.06266365234857406,NeuralNet,NHANES,0.1710240989488372,0.30762852404643454
Non-Hispanic White | 40-59 | Female,420,0.8047619047619048,0.3761467889908257,0.7454545454545455,0.5,0.13095238095238096,0.8655043586550436,0.14286700588225518,NeuralNet,NHANES,0.1710240989488372,0.30762852404643454
Non-Hispanic White | 40-59 | Male,412,0.8106796116504854,0.43037974683544306,0.5074626865671642,0.4657534246575342,0.16262135922330098,0.7930780878217608,0.15024083874877167,NeuralNet,NHANES,0.1710240989488372,0.30762852404643454
Non-Hispanic White | 60+ | Female,627,0.7751196172248804,0.5168539325842697,0.6258503401360545,0.5661538461538461,0.23444976076555024,0.830392573696145,0.17854162624278042,NeuralNet,NHANES,0.1710240989488372,0.30762852404643454
Non-Hispanic White | 60+ | Male,667,0.7856071964017991,0.6666666666666666,0.6116504854368932,0.6379746835443038,0.30884557721139433,0.8151548975422782,0.1844863626548311,NeuralNet,NHANES,0.1710240989488372,0.30762852404643454
Other Hispanic | 18-39 | Female,174,0.9597701149425287,0.0,0.0,0.0,0.022988505747126436,0.6941176470588235,0.05982457338163088,NeuralNet,NHANES,0.1710240989488372,0.30762852404643454
Other Hispanic | 18-39 | Male,150,0.9533333333333334,0.25,0.2,0.2222222222222222,0.03333333333333333,0.9351724137931035,0.05441093266057986,NeuralNet,NHANES,0.1710240989488372,0.30762852404643454
Other Hispanic | 40-59 | Female,149,0.7919463087248322,0.5769230769230769,0.42857142857142855,0.4918032786885246,0.2348993288590604,0.8360902255639098,0.15566898808694013,NeuralNet,NHANES,0.1710240989488372,0.30762852404643454
Other Hispanic | 40-59 | Male,130,0.8076923076923077,0.5517241379310345,0.5714285714285714,0.5614035087719298,0.2153846153846154,0.8189775910364147,0.1573249632911415,NeuralNet,NHANES,0.1710240989488372,0.30762852404643454
Other Hispanic | 60+ | Female,155,0.6451612903225806,0.45652173913043476,0.4117647058823529,0.4329896907216495,0.32903225806451614,0.7062594268476622,0.20285286848354173,NeuralNet,NHANES,0.1710240989488372,0.30762852404643454
Other Hispanic | 60+ | Male,146,0.6506849315068494,0.6052631578947368,0.3898305084745763,0.4742268041237113,0.4041095890410959,0.7050457821936489,0.20950203692707708,NeuralNet,NHANES,0.1710240989488372,0.30762852404643454
Other Race | 18-39 | Female,90,0.9333333333333333,0.4,0.4,0.4,0.05555555555555555,0.9670588235294117,0.058144073027658304,NeuralNet,NHANES,0.1710240989488372,0.30762852404643454
Other Race | 18-39 | Male,92,0.967391304347826,0.6666666666666666,0.5,0.5714285714285714,0.043478260869565216,0.8835227272727272,0.054186383688297646,NeuralNet,NHANES,0.1710240989488372,0.30762852404643454
Other Race | 40-59 | Female,61,0.8688524590163934,0.6,0.6,0.6,0.16393442622950818,0.8666666666666667,0.1389177345907535,NeuralNet,NHANES,0.1710240989488372,0.30762852404643454
Other Race | 40-59 | Male,77,0.7402597402597403,0.55,0.5,0.5238095238095238,0.2857142857142857,0.7413223140495868,0.1788753775071437,NeuralNet,NHANES,0.1710240989488372,0.30762852404643454
Other Race | 60+ | Female,47,0.6382978723404256,0.4166666666666667,0.3333333333333333,0.37037037037037035,0.3191489361702128,0.7208333333333333,0.20255633535776021,NeuralNet,NHANES,0.1710240989488372,0.30762852404643454
Other Race | 60+ | Male,60,0.7666666666666667,0.8095238095238095,0.6296296296296297,0.7083333333333334,0.45,0.8310886644219977,0.1872047786161948,NeuralNet,NHANES,0.1710240989488372,0.30762852404643454
Unknown | 18-39 | Unknown | Unknown,91408,0.9052927533695081,0.13743857493857495,0.22744599745870395,0.1713410548482818,0.04304874846840539,0.698649048373627,0.10823819571608562,LogReg,BRFSS,,
Unknown | 40-59 | Unknown | Unknown,144459,0.7015762257803252,0.23609594128183845,0.5704032087819295,0.33396162284089853,0.13116524411770814,0.7019018511140054,0.20703947241105142,LogReg,BRFSS,,
Unknown | 60+ | Unknown | Unknown,204791,0.48632019961814726,0.2790291925281383,0.8229073153642356,0.41674844618907425,0.2230127300516136,0.6718675557330333,0.2768966135593295,LogReg,BRFSS,,
Unknown | 18-39 | Unknown | Unknown,91408,0.7201339051286539,0.08420729130651915,0.5570520965692504,0.14629913902422745,0.04304874846840539,0.672292338208671,0.14702773060663013,RandomForest,BRFSS,,
Unknown | 40-59 | Unknown | Unknown,144459,0.5162364407894281,0.180812131846096,0.7613996200126663,0.2922279163037534,0.13116524411770814,0.619239766958702,0.25406313609582976,RandomForest,BRFSS,,
Unknown | 60+ | Unknown | Unknown,204791,0.7532850564722082,0.3034499514091351,0.08204330975892798,0.1291645840155811,0.2230127300516136,0.6390887078137129,0.1775433395974759,RandomForest,BRFSS,,
Unknown | 18-39 | Unknown | Unknown,91408,0.9330583756345178,0.17364016736401675,0.14764930114358324,0.1595934624364785,0.04304874846840539,0.7041013752059794,0.07515836514316693,NeuralNet,BRFSS,,
Unknown | 40-59 | Unknown | Unknown,144459,0.8190905377996525,0.3115888830624017,0.31359510238547605,0.3125887737387553,0.13116524411770814,0.6992041024365016,0.162101707115012,NeuralNet,BRFSS,,
Unknown | 60+ | Unknown | Unknown,204791,0.7478648964065804,0.40932311621966794,0.2947384554750279,0.3427065697518999,0.2230127300516136,0.6721571710356908,0.19822058262675576,NeuralNet,BRFSS,,
